{
    "Study_Hours": 0.18107698336103928,
    "Attendance": 0.2896797404478798,
    "Previous_Marks": 0.27291374765110665,
    "Assignments": 0.24957989459691654,
    "Sleep_Hours": 0.0067496339430577436
}