{
    "Linear Regression": 0.9933122162865972,
    "Decision Tree": 0.9837551693610003,
    "Random Forest": 0.993683834383544
}